Favorite,Activity Name,Activity Type,Course,Start,Time,Distance,Elevation Gain,Avg Speed(Avg Pace),Max Speed(Best Pace),Avg HR,Max HR,Calories,Total Strokes,Avg Strokes,Min Strokes,Avg SWOLF,Best SWOLF,Training Effect,
false,Redmond Running,Running,--,"Sat, Sep 19, 2015 15:50",1:41:09,10.53,66,9:36,6:10,148,160,"1,178",--,--,--,--,--,4.3,
false,Redmond Running,Running,--,"Wed, Sep 16, 2015 6:39",25:18,1.78,295,14:15,3:03,--,--,222,--,--,--,--,--,--,
false,Redmond Running,Running,--,"Tue, Sep 15, 2015 6:01",30:42,3.17,144,9:41,7:09,136,157,333,--,--,--,--,--,3.1,
false,Beat the Blerch Half Marathon 2015,Running,--,"Sun, Sep 13, 2015 9:29",1:57:20,13.05,259,8:59,4:27,157,168,"1,460",--,--,--,--,--,5.0,
false,Redmond Running,Running,--,"Wed, Sep 9, 2015 6:15",28:27,2.07,495,13:44,5:26,139,164,321,--,--,--,--,--,3.1,
false,Redmond Running,Running,--,"Mon, Sep 7, 2015 9:55",2:01:09,10.00,62,12:07,3:01,121,148,919,--,--,--,--,--,2.4,
false,Redmond Running,Running,--,"Sun, Sep 6, 2015 9:09",1:38:09,10.01,781,9:48,4:48,142,161,"1,074",--,--,--,--,--,4.0,
false,Bellevue Running,Running,--,"Sat, Sep 5, 2015 9:50",45:10,4.73,417,9:33,5:56,136,158,518,--,--,--,--,--,3.4,
false,Redmond Running,Running,--,"Tue, Sep 1, 2015 6:42",31:00,3.20,131,9:41,6:25,130,156,342,--,--,--,--,--,3.1,
false,Redmond Running,Running,--,"Sun, Aug 30, 2015 8:32",1:39:26,8.00,673,12:25,5:46,115,145,721,--,--,--,--,--,2.1,
false,Redmond Running,Running,--,"Wed, Aug 26, 2015 12:29",41:54,4.45,607,9:25,6:43,137,155,511,--,--,--,--,--,3.5,
false,Redmond Running,Running,--,"Tue, Aug 25, 2015 18:25",35:47,2.61,72,13:44,8:05,--,--,293,--,--,--,--,--,--,
false,Redmond Running,Running,--,"Tue, Aug 25, 2015 6:54",35:44,3.75,75,9:32,6:32,133,146,419,--,--,--,--,--,3.2,
false,Redmond Running,Running,--,"Sat, Aug 22, 2015 9:38",1:18:17,5.79,217,13:31,6:24,108,144,489,--,--,--,--,--,2.1,
false,Redmond Running,Running,--,"Fri, Aug 21, 2015 17:02",21:08,2.10,56,10:04,7:13,120,143,202,--,--,--,--,--,2.2,
false,Redmond Running,Running,--,"Wed, Aug 19, 2015 17:09",32:56,3.48,26,9:28,6:28,128,151,347,--,--,--,--,--,2.8,
false,Redmond Running,Running,--,"Tue, Aug 18, 2015 6:52",26:41,2.83,125,9:26,6:17,132,156,291,--,--,--,--,--,3.0,
false,Recife Running,Running,--,"Fri, Aug 14, 2015 9:23",34:14,3.57,36,9:36,2:59,145,167,420,--,--,--,--,--,3.4,
false,Recife Running,Running,--,"Tue, Aug 11, 2015 6:21",33:36,3.46,69,9:43,2:34,144,164,413,--,--,--,--,--,3.6,
false,Recife Running - Circuito de Corridas Caixa 2015,Running,--,"Sun, Aug 9, 2015 8:16",50:57,6.27,59,8:08,6:24,161,174,724,--,--,--,--,--,5.0,
false,São José da Coroa Grande Running,Running,--,"Fri, Aug 7, 2015 6:32",37:01,3.91,26,9:28,2:09,139,160,435,--,--,--,--,--,3.5,
false,Recife Running,Running,--,"Wed, Aug 5, 2015 16:55",31:13,3.33,0,9:22,6:01,148,162,423,--,--,--,--,--,3.7,
false,Redmond Running,Running,--,"Thu, Jul 30, 2015 6:45",33:13,3.75,207,8:51,6:19,--,--,464,--,--,--,--,--,--,
false,Redmond Running,Running,--,"Tue, Jul 28, 2015 11:42",27:19,3.11,20,8:47,7:10,141,152,346,--,--,--,--,--,3.2,
false,Redmond Running,Running,--,"Mon, Jul 27, 2015 11:29",38:25,2.25,108,17:04,6:04,--,--,214,--,--,--,--,--,--,
false,Juneau Running,Running,--,"Sat, Jul 25, 2015 6:59",35:01,3.52,289,9:56,6:36,135,154,393,--,--,--,--,--,3.1,
false,Redmond Running,Running,--,"Wed, Jul 22, 2015 8:00",42:22,4.19,397,10:06,6:41,136,158,507,--,--,--,--,--,3.3,
false,Redmond Running,Running,--,"Tue, Jul 21, 2015 17:46",46:47,5.05,138,9:16,6:30,134,162,518,--,--,--,--,--,3.4,
false,Redmond Running,Running,--,"Mon, Jul 20, 2015 19:49",38:52,4.20,105,9:15,6:03,133,158,403,--,--,--,--,--,3.0,
false,Redmond Running,Running,--,"Fri, Jul 17, 2015 12:46",23:52,2.28,66,10:29,5:48,132,148,263,--,--,--,--,--,2.8,
false,Orlando Running,Running,--,"Wed, Jul 15, 2015 7:17",21:40,1.54,0,14:07,7:06,92,127,106,--,--,--,--,--,1.1,
false,Orlando Running,Running,--,"Tue, Jul 14, 2015 7:55",42:15,2.96,7,14:16,3:01,92,166,194,--,--,--,--,--,2.7,
false,Orlando Running,Running,--,"Sat, Jul 11, 2015 8:00",26:39,2.90,7,9:11,5:47,139,161,300,--,--,--,--,--,3.2,
false,Redmond Running,Running,--,"Wed, Jul 8, 2015 20:26",32:00,2.90,138,11:03,6:09,--,--,329,--,--,--,--,--,--,
false,Redmond Running,Running,--,"Tue, Jul 7, 2015 6:29",25:01,2.53,102,9:54,6:38,--,--,302,--,--,--,--,--,--,
false,Redmond Running,Running,--,"Sun, Jul 5, 2015 15:16",58:28,5.87,663,9:58,6:11,148,162,710,--,--,--,--,--,3.8,
false,Redmond Running,Running,--,"Wed, Jul 1, 2015 8:10",53:57,5.53,374,9:46,5:18,143,165,663,--,--,--,--,--,4.1,
false,Redmond Running,Running,--,"Tue, Jun 30, 2015 21:15",31:17,2.55,89,12:17,5:40,115,145,243,--,--,--,--,--,2.0,
false,Redmond Running,Running,--,"Tue, Jun 30, 2015 18:56",30:17,2.40,49,12:37,6:16,--,--,253,--,--,--,--,--,--,
false,Redmond Running,Running,--,"Mon, Jun 29, 2015 7:25",36:18,3.75,89,9:41,6:00,136,147,430,--,--,--,--,--,3.2,
false,Redmond Running,Running,--,"Sat, Jun 27, 2015 10:37",48:21,5.33,121,9:04,5:49,144,168,595,--,--,--,--,--,4.0,
false,Redmond Running,Running,--,"Thu, Jun 25, 2015 8:39",40:55,3.98,246,10:16,6:24,135,150,468,--,--,--,--,--,3.1,
false,Redmond Running,Running,--,"Mon, Jun 22, 2015 23:43",26:10,2.75,82,9:32,6:11,139,153,322,--,--,--,--,--,3.1,
false,Redmond Running,Running,--,"Mon, Jun 22, 2015 20:58",32:00,2.65,49,12:04,6:27,116,147,254,--,--,--,--,--,1.9,
false,Vancouver (NE Downtown / Harbour Centre / Gastown / Yaletown) Running,Running,--,"Sun, Jun 21, 2015 6:17",59:08,6.04,174,9:47,6:00,135,154,670,--,--,--,--,--,3.2,
false,Redmond Running,Running,--,"Wed, Jun 17, 2015 18:09",33:26,3.73,259,8:57,5:44,140,162,407,--,--,--,--,--,3.5,
false,Centralia Running,Running,--,"Mon, Jun 15, 2015 7:02",25:09,2.59,13,9:42,5:01,--,--,315,--,--,--,--,--,--,
false,Redmond Running,Running,--,"Sat, Jun 13, 2015 19:06",35:16,3.74,105,9:26,5:52,132,157,374,--,--,--,--,--,3.0,
false,Redmond Running,Running,--,"Thu, Jun 11, 2015 20:47",30:20,3.00,154,10:07,7:04,126,146,285,--,--,--,--,--,2.3,
false,Redmond Running,Running,--,"Tue, Jun 9, 2015 18:03",35:07,3.74,128,9:23,6:09,133,156,359,--,--,--,--,--,3.0,
false,Tacoma Running,Running,--,"Sat, Jun 6, 2015 13:48",55:26,5.71,174,9:43,6:18,160,167,795,--,--,--,--,--,5.0,
false,South Prairie Running,Running,--,"Sat, Jun 6, 2015 10:48",36:58,4.60,7,8:02,6:00,158,166,508,--,--,--,--,--,4.2,
false,Bellevue - 2015-06-03,Running,--,"Wed, Jun 3, 2015 16:50",39:59,3.90,545,10:15,6:06,138,163,438,--,--,--,--,--,3.1,
false,Redmond - 2015-06-02,Running,--,"Tue, Jun 2, 2015 19:49",33:34,2.81,62,11:57,6:12,108,141,220,--,--,--,--,--,1.7,
false,Big Backyard 5k w/ kids - 2015-05-31,Running,--,"Sun, May 31, 2015 9:04",44:41,3.17,46,14:04,6:27,--,--,355,--,--,--,--,--,--,
false,Woodbridge - 2015-05-30,Running,--,"Sat, May 30, 2015 12:44",24:40,2.82,69,8:45,6:13,143,158,301,--,--,--,--,--,3.2,
false,E Lake Sammamish Trail - 2015-05-28,Running,--,"Thu, May 28, 2015 17:44",29:01,3.20,141,9:04,2:59,139,162,335,--,--,--,--,--,3.3,
false,SE Redmond - 2015-05-27,Running,--,"Wed, May 27, 2015 21:05",23:51,2.70,115,8:49,6:21,--,--,339,--,--,--,--,--,--,
false,Redmond - 2015-05-21,Running,--,"Thu, May 21, 2015 7:53",58:17,5.87,535,9:56,7:02,146,164,737,--,--,--,--,--,4.3,
false,Overlake to SE Redmond - 2015-05-20,Running,--,"Wed, May 20, 2015 17:05",1:00:35,6.32,217,9:35,3:04,139,161,677,--,--,--,--,--,3.6,
false,MS Blue Loop - 2015-05-18,Running,--,"Mon, May 18, 2015 8:23",58:02,5.98,518,9:42,6:57,144,161,725,--,--,--,--,--,4.1,
false,Marymoor - 2015-05-13,Running,--,"Wed, May 13, 2015 18:14",31:06,3.10,13,10:01,5:44,124,145,295,--,--,--,--,--,2.6,
false,SE Redmond - 2015-05-12,Running,--,"Tue, May 12, 2015 6:31",32:24,3.16,118,10:15,7:19,125,150,304,--,--,--,--,--,2.4,
false,Woodbridge w/ kids - 2015-05-09,Running,--,"Sat, May 9, 2015 18:41",25:43,2.23,79,11:32,4:50,115,146,206,--,--,--,--,--,2.4,
false,MS Main Campus - 2015-05-07,Running,--,"Thu, May 7, 2015 12:26",34:01,2.62,187,12:59,4:02,--,--,266,--,--,--,--,--,--,
false,Bellevue - 2015-05-06,Running,--,"Wed, May 6, 2015 16:56",28:41,2.79,233,10:16,4:59,119,144,231,--,--,--,--,--,2.0,
false,Vancouver Marathon - 2015-05-03,Running,--,"Sun, May 3, 2015 8:43",4:20:22,26.48,902,9:50,6:00,148,161,"2,730",--,--,--,--,--,3.8,
false,Vancouver (Waterfront / Coal Harbour / Canada Place) Running,Running,--,"Sat, May 2, 2015 16:00",13:08,1.25,49,10:32,6:49,--,--,158,--,--,--,--,--,--,
false,Redmond - 2015-04-29,Running,--,"Wed, Apr 29, 2015 11:54",51:09,5.24,433,9:46,2:59,138,156,583,--,--,--,--,--,3.4,
false,Redmond - 2015-04-27,Running,--,"Mon, Apr 27, 2015 17:37",30:32,3.24,39,9:26,6:52,134,151,345,--,--,--,--,--,3.0,
false,SE Redmond - 2015-04-26,Running,--,"Sun, Apr 26, 2015 7:31",55:01,5.63,384,9:47,6:32,141,156,689,--,--,--,--,--,3.7,
false,SE Redmond - 2015-04-25,Running,--,"Sat, Apr 25, 2015 15:35",28:38,3.13,118,9:09,5:51,128,155,308,--,--,--,--,--,3.0,
false,W Lake Sammamish Pkwy - 2015-04-24,Running,--,"Fri, Apr 24, 2015 8:43",38:29,4.03,144,9:33,6:39,134,158,444,--,--,--,--,--,3.3,
false,SE Redmond - 2015-04-22,Running,--,"Wed, Apr 22, 2015 6:24",47:53,5.15,135,9:18,3:25,136,159,514,--,--,--,--,--,3.2,
false,Redmond - 2015-04-19,Running,--,"Sun, Apr 19, 2015 7:47",3:17:27,20.01,"2,621",9:52,3:01,144,159,"2,094",--,--,--,--,--,3.8,
false,Redmond - 2015-04-18,Running,--,"Sat, Apr 18, 2015 10:31",58:00,6.02,52,9:38,6:01,138,151,672,--,--,--,--,--,3.4,
false,Redmond - 2015-04-14,Running,--,"Tue, Apr 14, 2015 16:35",36:52,4.14,66,8:54,5:22,137,163,387,--,--,--,--,--,3.2,
false,Redmond - 2015-04-12,Running,--,"Sun, Apr 12, 2015 8:52",1:39:52,10.03,541,9:57,1:55,143,164,"1,167",--,--,--,--,--,3.8,
false,SE Redmond - 2015-04-10,Running,--,"Fri, Apr 10, 2015 18:02",38:08,4.00,121,9:32,6:36,132,153,417,--,--,--,--,--,3.2,
false,Woodbridge - 2015-04-09,Running,--,"Thu, Apr 9, 2015 7:08",39:23,4.09,85,9:38,6:51,131,153,418,--,--,--,--,--,3.1,
false,Marymoor Loop - 2015-04-06,Running,--,"Mon, Apr 6, 2015 18:27",38:52,4.32,98,9:00,5:18,137,161,427,--,--,--,--,--,3.1,
false,Redmond - 2015-04-05,Running,--,"Sun, Apr 5, 2015 6:50",2:56:30,17.98,"1,555",9:49,2:31,138,156,"1,697",--,--,--,--,--,3.4,
false,Marymoor Loop - 2015-04-04,Running,--,"Sat, Apr 4, 2015 10:46",58:06,6.04,154,9:37,5:30,144,173,746,--,--,--,--,--,4.0,
false,SE Redmond - 2015-04-02,Running,--,"Thu, Apr 2, 2015 17:59",42:48,4.67,95,9:09,6:42,134,157,494,--,--,--,--,--,3.3,
false,SE Redmond - 2015-04-01,Running,--,"Wed, Apr 1, 2015 19:18",48:58,5.35,102,9:09,2:21,136,157,553,--,--,--,--,--,3.3,
false,Interval - SE Redmond - 2015-03-30,Running,--,"Mon, Mar 30, 2015 18:54",36:30,4.05,141,9:01,6:12,133,161,368,--,--,--,--,--,3.1,
false,Redmond - 2015-03-29,Running,--,"Sun, Mar 29, 2015 7:23",1:19:04,7.98,194,9:54,6:35,139,154,891,--,--,--,--,--,3.6,
false,SE Redmond - 2015-03-26,Running,--,"Thu, Mar 26, 2015 6:15",31:11,3.17,108,9:51,7:24,129,151,317,--,--,--,--,--,3.0,
false,Redmond - 2015-03-24,Running,--,"Tue, Mar 24, 2015 16:31",30:44,3.11,26,9:54,7:03,--,--,372,--,--,--,--,--,--,
false,3mi + Mercer Island Half Marathon - 2015-03-22,Running,--,"Sun, Mar 22, 2015 8:31",2:38:47,16.05,"1,073",9:53,7:10,148,165,"1,939",--,--,--,--,--,4.5,
false,SE Redmond - 2015-03-21,Running,--,"Sat, Mar 21, 2015 10:25",39:30,4.05,115,9:45,7:16,134,152,464,--,--,--,--,--,3.0,
false,x-Kirkland Connector / Lake St. Loop - 2015-03-17,Running,--,"Tue, Mar 17, 2015 14:34",1:18:20,8.07,591,9:42,6:51,131,147,793,--,--,--,--,--,2.8,
false,Sammamish River Trail - 2015-03-16,Running,--,"Mon, Mar 16, 2015 17:33",39:49,4.28,108,9:18,6:14,130,146,403,--,--,--,--,--,3.0,
false,SE Redmond - 2015-03-16,Running,--,"Mon, Mar 16, 2015 7:56",49:35,5.00,361,9:55,6:29,134,149,537,--,--,--,--,--,3.2,
false,Sammamish River Trail - 2015-03-15,Running,--,"Sun, Mar 15, 2015 9:04",1:19:45,8.00,502,9:58,5:38,143,154,929,--,--,--,--,--,3.7,
false,SE Redmond - 2015-03-13,Running,--,"Fri, Mar 13, 2015 8:20",31:33,3.01,89,10:28,7:35,133,155,352,--,--,--,--,--,3.0,
false,SE Redmond - 2015-03-12,Running,--,"Thu, Mar 12, 2015 18:26",1:01:22,6.30,197,9:44,6:58,132,148,632,--,--,--,--,--,3.0,
false,Interval - SE Redmond - 2015-03-10,Running,--,"Tue, Mar 10, 2015 18:17",30:30,3.25,105,9:23,6:07,132,159,294,--,--,--,--,--,2.9,
false,Hills - Clyde/Yarrow/Rose - 2015-03-08,Running,--,"Sun, Mar 8, 2015 8:57",2:32:44,14.01,"1,831",10:54,2:35,142,157,"1,670",--,--,--,--,--,3.7,
false,Red Brick Road Loop - 2015-03-07,Running,--,"Sat, Mar 7, 2015 17:48",44:45,4.48,108,9:59,6:34,131,148,489,--,--,--,--,--,3.0,
false,SE Redmond - 2015-03-05,Running,--,"Thu, Mar 5, 2015 17:17",43:45,4.45,587,9:50,6:59,135,154,503,--,--,--,--,--,3.3,
false,Redmond - 2015-03-04,Running,--,"Wed, Mar 4, 2015 17:32",41:09,4.40,39,9:21,6:37,133,151,429,--,--,--,--,--,3.1,
false,Cross Kirkland Corridor Loop - 2015-03-01,Running,--,"Sun, Mar 1, 2015 17:14",1:10:52,7.05,180,10:03,7:14,136,155,789,--,--,--,--,--,3.4,
false,Fred Meyer Loop - 2015-02-27,Running,--,"Fri, Feb 27, 2015 18:02",37:51,4.00,118,9:28,5:59,137,158,435,--,--,--,--,--,3.4,
false,Marymoor / RTC Loop - 2015-02-25,Running,--,"Wed, Feb 25, 2015 18:31",1:04:06,6.30,197,10:11,6:50,129,149,615,--,--,--,--,--,3.0,
false,Microsoft - 2015-02-24,Running,--,"Tue, Feb 24, 2015 11:36",42:24,3.99,325,10:38,7:09,127,150,419,--,--,--,--,--,3.2,
false,Redmond - 2015-02-22,Running,--,"Sun, Feb 22, 2015 8:22",1:31:14,9.30,"1,076",9:49,7:05,141,154,985,--,--,--,--,--,3.6,
false,Bellevue to Redmond - 2015-02-21,Running,--,"Sat, Feb 21, 2015 16:49",1:09:06,6.80,984,10:10,7:34,136,154,706,--,--,--,--,--,3.1,
false,Suncadia Trails - 2015-02-17,Running,--,"Tue, Feb 17, 2015 7:20",1:00:01,5.48,364,10:57,8:01,135,152,631,--,--,--,--,--,3.2,
false,Suncadia Trails - 2015-02-16,Running,--,"Mon, Feb 16, 2015 9:13",1:10:26,6.67,266,10:34,7:54,136,154,757,--,--,--,--,--,3.2,
false,Redmond - 2015-02-15,Running,--,"Sun, Feb 15, 2015 7:09",1:13:24,7.02,669,10:27,7:51,125,161,669,--,--,--,--,--,2.7,
false,Red Brick Road Loop - 2015-02-14,Running,--,"Sat, Feb 14, 2015 6:52",43:25,4.11,82,10:33,6:49,125,146,421,--,--,--,--,--,3.0,
false,Marymoor - 2015-02-12,Running,--,"Thu, Feb 12, 2015 8:36",42:00,4.15,335,10:07,7:16,135,150,458,--,--,--,--,--,3.2,
false,Interval - Lake Sammamish Trail - 2015-02-09,Running,--,"Mon, Feb 9, 2015 17:37",32:13,3.24,16,9:56,6:25,128,161,293,--,--,--,--,--,3.1,
false,Powerline Trail Loop - 2015-02-08,Running,--,"Sun, Feb 8, 2015 7:33",2:10:29,12.00,738,10:52,5:44,138,159,"1,241",--,--,--,--,--,3.4,
false,Marymoor - 2015-02-05,Running,--,"Thu, Feb 5, 2015 18:04",1:03:21,6.07,249,10:26,7:04,131,150,617,--,--,--,--,--,3.2,
false,Redmond - 2015-02-02,Running,--,"Mon, Feb 2, 2015 17:34",36:00,3.89,26,9:15,6:46,143,162,395,--,--,--,--,--,3.9,
false,Redmond - 2015-02-01,Running,--,"Sun, Feb 1, 2015 7:54",1:49:38,10.60,420,10:20,7:37,146,162,"1,197",--,--,--,--,--,4.1,
false,Perrigo Trail Loop - 2015-01-28,Running,--,"Wed, Jan 28, 2015 19:09",51:25,4.87,253,10:34,8:06,133,156,529,--,--,--,--,--,3.4,
false,Seward Park - 2015-01-25,Running,--,"Sun, Jan 25, 2015 14:57",26:18,2.43,13,10:51,6:46,--,--,295,--,--,--,--,--,--,
false,Perrigo Park Trail Loop - 2015-01-22,Running,--,"Thu, Jan 22, 2015 18:02",56:27,5.30,351,10:39,7:56,129,148,553,--,--,--,--,--,3.2,
false,Redmond - 2015-01-19,Running,--,"Mon, Jan 19, 2015 17:35",39:49,3.83,7,10:23,7:36,124,146,347,--,--,--,--,--,2.9,
false,Redmond - 2015-01-15,Running,--,"Thu, Jan 15, 2015 11:17",1:00:37,5.51,315,11:00,6:22,134,151,588,--,--,--,--,--,3.2,
false,Redmond - 2015-01-12,Running,--,"Mon, Jan 12, 2015 17:35",40:22,3.92,125,10:18,7:18,124,145,321,--,--,--,--,--,3.0,
false,Redmond - 2015-01-08,Running,--,"Thu, Jan 8, 2015 12:06",1:28:52,7.43,"1,122",11:58,6:31,137,155,863,--,--,--,--,--,3.5,
false,Redmond - 2015-01-05,Running,--,"Mon, Jan 5, 2015 17:33",39:02,3.64,46,10:44,3:06,129,148,332,--,--,--,--,--,3.0,
false,Bridle Trails - Coyote/Trillium Trails - 2015-01-04,Running,--,"Sun, Jan 4, 2015 10:13",1:00:42,5.29,"1,138",11:28,3:00,147,162,671,--,--,--,--,--,4.4,
false,SE Redmond - 2014-12-29,Running,--,"Mon, Dec 29, 2014 7:43",1:14:12,6.75,200,11:00,5:42,140,157,783,--,--,--,--,--,3.8,
false,Woodbridge - 2014-12-08,Running,--,"Mon, Dec 8, 2014 6:27",27:26,2.61,52,10:31,5:09,135,152,288,--,--,--,--,--,3.2,
false,Seattle Marathon - 2014-11-30,Running,--,"Sun, Nov 30, 2014 8:16",4:39:02,26.85,"1,230",10:24,2:57,142,161,"2,375",--,--,--,--,--,3.5,
false,1mi race eve warmup - 2014-11-29,Running,--,"Sat, Nov 29, 2014 17:19",13:13,1.14,39,11:33,7:29,--,--,130,--,--,--,--,--,--,
false,SE Redmond - 2014-11-26,Running,--,"Wed, Nov 26, 2014 7:30",56:02,5.10,768,10:59,7:17,134,151,588,--,--,--,--,--,3.2,
false,SE Redmond - 2014-11-25,Running,--,"Tue, Nov 25, 2014 17:36",33:12,3.12,354,10:39,7:02,128,147,321,--,--,--,--,--,3.0,
false,Perrigo Park Trail Loop - 2014-11-23,Running,--,"Sun, Nov 23, 2014 7:02",57:19,5.41,184,10:36,3:01,127,146,546,--,--,--,--,--,3.1,
false,Marymoor Loop - 2014-11-22,Running,--,"Sat, Nov 22, 2014 6:47",1:08:43,6.24,210,11:01,2:21,130,149,675,--,--,--,--,--,3.2,
false,Interval fast/slow - 2014-11-18,Running,--,"Tue, Nov 18, 2014 18:05",51:05,4.97,131,10:17,7:01,128,153,461,--,--,--,--,--,2.9,
false,Powerline Trail Loop - 2014-11-16,Running,--,"Sun, Nov 16, 2014 10:28",1:44:39,9.06,548,11:33,3:00,140,155,"1,100",--,--,--,--,--,3.5,
false,Overlake Loop - 2014-11-16,Running,--,"Sun, Nov 16, 2014 8:25",1:57:40,10.99,653,10:42,2:18,134,148,"1,128",--,--,--,--,--,3.2,
false,SE Redmond - 2014-11-15,Running,--,"Sat, Nov 15, 2014 15:39",1:05:44,6.03,167,10:54,3:00,123,143,586,--,--,--,--,--,2.7,
false,Interval fast/slow - 2014-11-12,Running,--,"Wed, Nov 12, 2014 7:41",37:25,4.02,138,9:18,6:06,142,166,428,--,--,--,--,--,3.4,
false,Redmond - 2014-11-09,Running,--,"Sun, Nov 9, 2014 7:47",1:48:32,9.98,"1,181",10:52,3:02,135,148,"1,074",--,--,--,--,--,3.1,
false,Woodbridge - 2014-11-07,Running,--,"Fri, Nov 7, 2014 17:31",49:35,4.67,115,10:37,7:34,124,146,455,--,--,--,--,--,2.8,
false,Treadmill Pro Club - 2014-11-06,Treadmill Running,--,"Thu, Nov 6, 2014 17:45",42:13,4.04,420,10:32,--,--,--,473,--,--,--,--,--,--,
false,"Campion Trail - Irving, TX (2/2) - 2014-11-02",Running,--,"Sun, Nov 2, 2014 8:20",1:31:04,8.60,82,10:35,4:57,138,148,997,--,--,--,--,--,3.2,
false,"Campion Trail - Irving, TX (1/2) - 2014-11-02",Running,--,"Sun, Nov 2, 2014 6:43",1:33:59,8.99,148,10:27,7:18,134,147,932,--,--,--,--,--,3.0,
false,"Campion Trail - Irving, TX - 2014-11-01",Running,--,"Sat, Nov 1, 2014 18:30",47:40,4.65,52,10:15,6:45,126,145,461,--,--,--,--,--,2.8,
false,Redmond - 2014-10-30,Running,--,"Thu, Oct 30, 2014 11:12",53:30,4.92,394,10:52,7:13,130,149,580,--,--,--,--,--,3.2,
false,Redmond - 2014-10-29,Running,--,"Wed, Oct 29, 2014 10:54",54:21,5.30,128,10:15,7:08,126,144,531,--,--,--,--,--,2.9,
false,Interval Fast/slow - 2014-10-27,Running,--,"Mon, Oct 27, 2014 18:41",38:05,4.01,210,9:30,5:28,130,163,363,--,--,--,--,--,3.0,
false,Redmond - 2014-10-26,Running,--,"Sun, Oct 26, 2014 8:27",1:28:02,8.04,"1,125",10:57,5:27,137,147,862,--,--,--,--,--,3.1,
false,Woodbridge - 2014-10-24,Running,--,"Fri, Oct 24, 2014 6:31",30:31,2.91,167,10:29,7:26,120,138,255,--,--,--,--,--,2.5,
false,Treadmill - Pro Club,Treadmill Running,--,"Wed, Oct 22, 2014 7:35",30:00,2.65,280,11:19,--,120,--,333,--,--,--,--,--,--,
false,Redmond - 2014-10-20,Running,--,"Mon, Oct 20, 2014 17:33",35:34,3.92,33,9:04,3:01,--,--,496,--,--,--,--,--,--,
false,Redmond / Woodinville / Kirkland Loop - 2014-10-19,Running,--,"Sun, Oct 19, 2014 9:45",2:52:51,16.04,"1,171",10:47,6:37,145,163,"1,797",--,--,--,--,--,4.1,
false,Central Kirkland Corridor Loop - 2014-10-14,Running,--,"Tue, Oct 14, 2014 14:25",1:14:00,7.79,410,9:30,6:07,146,160,879,--,--,--,--,--,3.9,
false,Redmond - 2014-10-13,Running,--,"Mon, Oct 13, 2014 6:44",1:19:47,8.13,758,9:48,6:21,141,156,907,--,--,--,--,--,3.7,
false,Redmond - 2014-10-12,Running,--,"Sun, Oct 12, 2014 7:43",1:23:40,8.10,"1,237",10:19,6:57,137,156,918,--,--,--,--,--,3.5,
false,SE Redmond - 2014-10-10,Running,--,"Fri, Oct 10, 2014 7:43",41:01,4.19,112,9:47,7:32,132,154,444,--,--,--,--,--,3.2,
false,Redmond / Overlake - 2014-10-09,Running,--,"Thu, Oct 9, 2014 12:30",58:27,5.89,246,9:55,3:01,--,--,730,--,--,--,--,--,--,
false,SE Redmond - 2014-10-07,Running,--,"Tue, Oct 7, 2014 6:25",29:07,3.11,95,9:22,2:59,--,--,375,--,--,--,--,--,--,
false,Redmond / Kirkland / Bellevue Loop - 2014-10-05,Running,--,"Sun, Oct 5, 2014 7:35",2:26:52,14.26,"1,837",10:18,4:25,140,156,"1,493",--,--,--,--,--,3.1,
false,SE Redmond - 2014-10-03,Running,--,"Fri, Oct 3, 2014 6:29",34:16,3.50,121,9:47,6:39,130,145,367,--,--,--,--,--,3.0,
false,SE Redmond - 2014-10-02,Running,--,"Thu, Oct 2, 2014 18:03",48:38,4.15,292,11:44,5:10,112,142,360,--,--,--,--,--,2.6,
false,Kirkland Connector Loop - 2014-09-30,Running,--,"Tue, Sep 30, 2014 15:02",39:01,4.00,167,9:46,5:14,138,161,445,--,--,--,--,--,3.4,
false,Marymoor / Redmond Connector Loop - 2014-09-28,Running,--,"Sun, Sep 28, 2014 18:50",1:11:12,6.93,135,10:16,7:02,132,149,699,--,--,--,--,--,3.0,
false,Woodbridge to MS - 2014-09-25,Running,--,"Thu, Sep 25, 2014 7:53",53:20,4.99,381,10:41,8:05,141,159,646,--,--,--,--,--,3.9,
false,MS to Woodbridge - 2014-09-24,Running,--,"Wed, Sep 24, 2014 18:09",53:40,5.25,318,10:13,6:04,120,147,475,--,--,--,--,--,2.8,
false,Overlake - 2014-09-22,Running,--,"Mon, Sep 22, 2014 15:39",40:02,3.88,423,10:20,3:01,128,153,406,--,--,--,--,--,3.1,
false,Beat the Blerch Half Marathon - 2014-09-21,Running,--,"Sun, Sep 21, 2014 9:33",2:03:18,13.09,335,9:25,5:13,147,168,"1,482",--,--,--,--,--,4.3,
false,Redmond - 2014-09-20,Running,--,"Sat, Sep 20, 2014 16:32",28:18,2.94,20,9:37,6:38,--,--,366,--,--,--,--,--,--,
false,Overlake / Bridle Trails - 2014-09-16,Running,--,"Tue, Sep 16, 2014 11:27",1:11:30,6.89,630,10:23,6:15,136,157,762,--,--,--,--,--,3.2,
false,SE Redmond - 2014-09-15,Running,--,"Mon, Sep 15, 2014 6:21",1:06:01,6.61,135,9:59,3:00,136,153,715,--,--,--,--,--,3.4,
false,Bridle Trails to Redmond - 2014-09-14,Running,--,"Sun, Sep 14, 2014 16:11",1:21:25,7.87,545,10:20,7:06,141,158,891,--,--,--,--,--,3.3,
false,Redmond - 2014-09-12,Running,--,"Fri, Sep 12, 2014 12:08",44:41,4.32,728,10:20,7:26,129,156,461,--,--,--,--,--,3.2,
false,Overlake - 2014-09-10,Running,--,"Wed, Sep 10, 2014 12:00",40:39,3.96,164,10:16,6:24,131,152,427,--,--,--,--,--,3.2,
false,Interval Fast / Slow - 2014-09-08,Running,--,"Mon, Sep 8, 2014 13:11",31:10,3.21,69,9:43,3:02,134,158,324,--,--,--,--,--,3.0,
false,Education Hill / Redmond Loop - 2014-09-07,Running,--,"Sun, Sep 7, 2014 19:03",1:57:22,11.20,991,10:29,6:40,139,159,"1,139",--,--,--,--,--,3.6,
false,Woodbridge - 2014-09-06,Running,--,"Sat, Sep 6, 2014 17:12",25:01,2.41,85,10:22,2:58,129,156,250,--,--,--,--,--,2.9,
false,Treadmill Pro Club - 2014-09-02,Running,--,"Tue, Sep 2, 2014 19:45",1:07:15,5.29,7,12:42,2:21,--,--,696,--,--,--,--,--,--,
false,Bellevue / Kirkland - 2014-08-29,Running,--,"Fri, Aug 29, 2014 9:36",1:29:38,8.55,965,10:29,6:29,142,162,976,--,--,--,--,--,3.8,
false,Kirkland - 2014-08-27,Running,--,"Wed, Aug 27, 2014 16:55",51:29,4.95,413,10:24,6:02,139,158,614,--,--,--,--,--,3.6,
false,Overlake - 2014-08-26,Running,--,"Tue, Aug 26, 2014 11:55",45:52,4.44,358,10:21,6:55,134,157,542,--,--,--,--,--,3.4,
false,Red Brick Rd / Perrigo Loop - 2014-08-20,Running,--,"Wed, Aug 20, 2014 6:21",52:52,5.18,131,10:12,6:26,128,151,541,--,--,--,--,--,3.1,
false,2014 Columbia Winery Run - 2014-08-16,Running,--,"Sat, Aug 16, 2014 8:31",52:50,6.21,52,8:30,4:38,165,177,816,--,--,--,--,--,5.0,
false,Marymoor / Redmond Connector Loop - 2014-08-10,Running,--,"Sun, Aug 10, 2014 20:08",1:11:43,7.36,292,9:44,6:26,137,163,824,--,--,--,--,--,4.0,
false,SE Redmond - 2014-08-08,Running,--,"Fri, Aug 8, 2014 7:15",39:34,3.80,135,10:25,3:03,133,156,443,--,--,--,--,--,3.3,
false,SE Redmond - 2014-08-05,Running,--,"Tue, Aug 5, 2014 7:09",34:52,3.57,358,9:46,6:05,138,157,390,--,--,--,--,--,3.4,
false,Perrigo / Red Brick Road Loop - 2014-08-02,Running,--,"Sat, Aug 2, 2014 16:39",51:15,5.14,115,9:58,5:01,145,169,620,--,--,--,--,--,4.2,
false,Issaquah-Preston Trail - 2014-07-26,Running,--,"Sat, Jul 26, 2014 8:32",1:39:47,9.62,367,10:22,3:01,146,163,"1,083",--,--,--,--,--,4.0,
false,Cross Kirkland Connector - 2014-07-22,Running,--,"Tue, Jul 22, 2014 17:55",47:44,4.68,174,10:12,5:50,134,158,435,--,--,--,--,--,3.7,
false,Recife - 2014-07-13,Running,--,"Sun, Jul 13, 2014 14:41",39:34,3.90,457,10:09,5:59,141,165,497,--,--,--,--,--,--,
false,Recife - 2014-07-08,Running,--,"Tue, Jul 8, 2014 5:32",1:14:01,6.70,"1,001",11:03,3:42,145,165,881,--,--,--,--,--,--,
false,Recife - 2014-07-01,Running,--,"Tue, Jul 1, 2014 6:44",52:27,5.01,576,10:28,4:06,144,160,637,--,--,--,--,--,--,
false,Recife - 2014-06-29,Running,--,"Sun, Jun 29, 2014 7:01",50:23,4.93,828,10:13,4:32,144,163,632,--,--,--,--,--,--,
false,Recife - 2014-06-27,Running,--,"Fri, Jun 27, 2014 8:19",44:06,4.38,"1,304",10:03,4:37,145,164,565,--,--,--,--,--,--,
false,Joao Pessoa - 2014-06-25,Running,--,"Wed, Jun 25, 2014 6:16",39:58,3.98,46,10:03,7:06,153,172,495,--,--,--,--,--,--,
false,Gravata - 2014-06-23,Running,--,"Mon, Jun 23, 2014 6:45",47:32,4.48,401,10:37,7:41,142,165,552,--,--,--,--,--,--,
false,Boa Viagem - 2014-06-19,Running,--,"Thu, Jun 19, 2014 9:30",48:38,3.95,229,12:20,7:13,--,--,473,--,--,--,--,--,--,
false,Redmond / Tolt Pipeline Trail Loop - 2014/06/08,Running,--,"Sun, Jun 8, 2014 16:33",2:26:18,13.57,"1,058",10:47,6:32,142,160,"1,711",--,--,--,--,--,--,
false,Redmond Watershed Preserve - 2014-06-04,Running,--,"Wed, Jun 4, 2014 17:18",54:45,4.90,"1,389",11:11,5:45,--,--,635,--,--,--,--,--,--,
false,Big Backyard 5k w/ kids - 2014-06-01,Running,--,"Sun, Jun 1, 2014 9:05",51:16,3.14,35,16:21,6:25,--,--,343,--,--,--,--,--,--,
false,SE Redmond - 2014-05-29,Running,--,"Thu, May 29, 2014 16:41",1:00:10,5.94,390,10:07,6:46,130,161,756,--,--,--,--,--,--,
false,SE Redmond - 2014-05-27,Running,--,"Tue, May 27, 2014 20:24",39:06,3.92,229,9:59,:16,128,181,493,--,--,--,--,--,--,
false,Snoqualmie Valley Trail - 2014-05-25,Running,--,"Sun, May 25, 2014 15:47",1:23:23,8.11,"1,066",10:17,4:13,138,161,"1,042",--,--,--,--,--,--,
false,116th Ave / Kirkland Waterfront Loop - 2014-05-23,Running,--,"Fri, May 23, 2014 9:05",1:11:51,6.72,729,10:42,6:36,142,158,855,--,--,--,--,--,--,
false,Farrel-McWhirter Park Loop - 2014-05-18,Running,--,"Sun, May 18, 2014 19:00",1:37:55,9.74,916,10:00,7:06,136,156,"1,243",--,--,--,--,--,--,
false,Overlake - 2014-05-14,Running,--,"Wed, May 14, 2014 20:22",50:30,5.10,516,9:54,6:00,139,160,664,--,--,--,--,--,--,
false,Woodbridge / Redmond Connector Loop - 2014-05-12,Running,--,"Tue, May 13, 2014 6:30",1:05:02,6.31,121,10:18,7:38,126,146,804,--,--,--,--,--,--,
false,SE Redmond - 2014-05-08,Running,--,"Fri, May 9, 2014 2:32",40:16,4.10,186,9:50,6:05,127,153,518,--,--,--,--,--,--,
false,Vancouver Marathon (ran out of battery) - 2014-05-04,Running,--,"Sun, May 4, 2014 17:49",1:16:22,7.66,517,9:59,6:15,143,158,"1,004",--,--,--,--,--,--,
false,Vancouver Kids Race (parte) - 2014-05-03,Running,--,"Sat, May 3, 2014 19:32",7:29,0.71,96,10:29,6:49,--,--,90,--,--,--,--,--,--,
false,SE Redmond - 2014-05-01,Running,--,"Thu, May 1, 2014 7:40",31:10,3.00,216,10:23,7:21,130,157,376,--,--,--,--,--,--,
false,Woodbridge - 2014-04-29,Running,--,"Tue, Apr 29, 2014 18:05",31:59,3.09,106,10:21,5:46,121,143,392,--,--,--,--,--,--,
false,Marymoor Loop - 2014-04-27,Running,--,"Sun, Apr 27, 2014 8:58",1:07:04,6.60,371,10:10,4:00,138,167,845,--,--,--,--,--,--,
false,SE Redmond - 2014-04-26,Running,--,"Sat, Apr 26, 2014 17:21",32:05,3.16,121,10:09,6:28,128,168,394,--,--,--,--,--,--,
false,SE Redmond - 2014-04-25,Running,--,"Fri, Apr 25, 2014 17:42",40:23,3.99,434,10:08,5:59,125,146,502,--,--,--,--,--,--,
false,Redmond - Slow/fast interval - 2014-04-22,Running,--,"Tue, Apr 22, 2014 19:48",51:36,5.20,542,9:55,4:52,131,161,646,--,--,--,--,--,--,
false,Redmond - 2014-04-20,Running,--,"Sun, Apr 20, 2014 7:16",3:27:33,19.95,"1,361",10:24,6:13,140,158,"2,546",--,--,--,--,--,--,
false,Red Brick Road / Perrigo Loop - 2014-04-19,Running,--,"Sat, Apr 19, 2014 8:02",1:09:49,6.73,419,10:23,6:48,141,172,864,--,--,--,--,--,--,
false,Marymoor - Slow/fast interval - 2014-04-16,Running,--,"Wed, Apr 16, 2014 17:14",40:39,4.25,95,9:34,5:58,139,178,523,--,--,--,--,--,--,
false,Woodbridge / Overlake Loop - 2014-04-12,Running,--,"Sat, Apr 12, 2014 18:15",1:46:40,10.17,675,10:29,5:19,136,165,"1,302",--,--,--,--,--,--,
false,SE Redmond - 2014-04-11,Running,--,"Fri, Apr 11, 2014 16:39",39:26,3.87,180,10:11,7:36,130,163,486,--,--,--,--,--,--,
false,Overlake to Rose Hill - 2014-04-10,Running,--,"Thu, Apr 10, 2014 16:21",47:44,4.66,333,10:15,5:48,125,157,589,--,--,--,--,--,--,
false,SE Redmond - Slow/fast interval - 2014-04-07,Running,--,"Mon, Apr 7, 2014 10:36",40:04,4.00,252,10:01,6:24,126,158,485,--,--,--,--,--,--,
false,Red Brick / Education Hill / Sammamish Trail Loop - 2014-04-06,Running,--,"Sun, Apr 6, 2014 8:43",3:12:46,18.03,"1,348",10:41,6:00,136,154,"2,290",--,--,--,--,--,--,
false,Redmond - 2014-04-05,Running,--,"Sat, Apr 5, 2014 15:39",1:05:44,6.22,251,10:34,4:30,127,149,795,--,--,--,--,--,--,
false,Overlake - 2014-04-03,Running,--,"Thu, Apr 3, 2014 16:32",52:39,5.02,572,10:29,5:54,123,146,641,--,--,--,--,--,--,
false,Overlake - 2014-04-01,Running,--,"Tue, Apr 1, 2014 11:17",49:41,4.78,426,10:24,6:31,128,147,605,--,--,--,--,--,--,
false,Woodbridge - Slow/Fast interval - 2014-03-31,Running,--,"Mon, Mar 31, 2014 17:48",40:12,4.27,235,9:25,5:55,135,181,546,--,--,--,--,--,--,
false,Education Hill Loop - 2014-03-30,Running,--,"Sun, Mar 30, 2014 12:32",1:26:15,8.03,727,10:45,6:57,132,161,"1,018",--,--,--,--,--,--,
false,Woodbridge - 2014-03-27,Running,--,"Thu, Mar 27, 2014 17:56",42:32,4.12,207,10:19,7:33,122,142,523,--,--,--,--,--,--,
false,Powerline Trail / 124th Lake Sammamish Trail Loop - 2014-03-23,Running,--,"Sun, Mar 23, 2014 7:38",2:51:57,16.12,"1,301",10:40,4:54,136,158,"2,070",--,--,--,--,--,--,
false,Red Brick Road Loop - 2014-03-22,Running,--,"Sat, Mar 22, 2014 14:10",42:28,4.09,306,10:23,4:37,129,167,528,--,--,--,--,--,--,
false,Redmond - 2014-03-18,Running,--,"Tue, Mar 18, 2014 17:15",1:25:00,8.14,121,10:27,7:47,135,180,"1,036",--,--,--,--,--,--,
false,E Lake Sammamish Trail - 2014-03-17,Running,--,"Mon, Mar 17, 2014 18:06",1:24:53,8.07,328,10:31,4:14,131,150,"1,029",--,--,--,--,--,--,
false,Sammamish River Trail - 2014-03-16,Running,--,"Sun, Mar 16, 2014 7:44",1:23:16,8.09,202,10:21,6:30,134,157,"1,035",--,--,--,--,--,--,
false,SE Redmond - 2014-03-15,Running,--,"Sat, Mar 15, 2014 8:05",32:43,3.04,218,10:46,7:44,129,146,382,--,--,--,--,--,--,
false,East Lake Sammamish Trail - 2014-03-14,Running,--,"Fri, Mar 14, 2014 17:44",1:03:07,6.10,397,10:20,7:47,131,168,796,--,--,--,--,--,--,
false,Woodbridge - Slow/Fast interval - 2014-03-11,Running,--,"Tue, Mar 11, 2014 19:10",31:26,3.18,225,9:52,5:47,127,174,418,--,--,--,--,--,--,
false,Lake Sammamish Half Marathon - 2014-03-08,Running,--,"Sat, Mar 8, 2014 7:45",2:08:52,12.88,656,10:00,6:33,147,206,"1,715",--,--,--,--,--,--,
false,Marymoor - Pre-Race - 2014-03-08,Running,--,"Sat, Mar 8, 2014 7:14",10:52,1.01,24,10:46,5:51,163,190,131,--,--,--,--,--,--,
false,116th Ave - 2014-03-07,Running,--,"Fri, Mar 7, 2014 17:26",20:57,2.03,202,10:19,7:29,137,179,268,--,--,--,--,--,--,
false,Woodbridge - 2014-03-06,Running,--,"Thu, Mar 6, 2014 17:41",30:04,2.99,101,10:04,7:46,135,186,387,--,--,--,--,--,--,
false,Pro Club / 40th / Old Redmond Rd Loop - 2014-03-05,Running,--,"Wed, Mar 5, 2014 18:06",47:41,4.43,522,10:46,6:09,--,--,573,--,--,--,--,--,--,
false,SE Redmond - 2014-03-04,Running,--,"Tue, Mar 4, 2014 21:50",45:28,4.18,229,10:53,7:39,131,178,528,--,--,--,--,--,--,
false,Marymoor Loop - 2014-03-02,Running,--,"Sun, Mar 2, 2014 8:05",1:16:23,7.20,295,10:37,7:47,140,189,907,--,--,--,--,--,--,
false,SE Redmond - 2014-02-27,Running,--,"Thu, Feb 27, 2014 17:49",45:25,4.15,181,10:56,8:14,129,168,522,--,--,--,--,--,--,
false,Overlake / Bridle Trails - 2014-02-26,Running,--,"Wed, Feb 26, 2014 9:36",1:07:09,6.16,456,10:54,7:02,137,214,787,--,--,--,--,--,--,
false,Woodbridge - 2014-02-24,Running,--,"Mon, Feb 24, 2014 17:52",43:34,4.12,235,10:34,5:39,137,191,518,--,--,--,--,--,--,
false,Red Brick Road / Perrigo / Powerline Trail - 2014-02-23,Running,--,"Sun, Feb 23, 2014 15:18",2:15:40,12.04,916,11:19,4:24,134,158,"1,522",--,--,--,--,--,--,
false,Red Brick Road / Perrigo Loop - 2014-02-22,Running,--,"Sat, Feb 22, 2014 7:35",58:01,5.47,254,10:37,6:07,137,189,695,--,--,--,--,--,--,
false,Disneyland Resort - 2014-02-19,Running,--,"Wed, Feb 19, 2014 5:55",1:11:20,6.51,486,10:58,6:24,138,172,831,--,--,--,--,--,--,
false,SE Redmond - 2014-02-14,Running,--,"Fri, Feb 14, 2014 7:47",43:06,4.04,183,10:40,8:02,128,150,514,--,--,--,--,--,--,
false,SE Redmond - 2014-02-13,Running,--,"Thu, Feb 13, 2014 8:01",44:41,4.15,189,10:46,8:04,127,147,516,--,--,--,--,--,--,
false,Redmond - 2014-02-10,Running,--,"Mon, Feb 10, 2014 17:46",1:57:15,10.53,481,11:08,6:46,131,182,"1,329",--,--,--,--,--,--,
false,Woodbridge - Slow/Fast interval - 2014-02-09,Running,--,"Sun, Feb 9, 2014 18:15",32:29,3.03,150,10:44,7:58,133,197,375,--,--,--,--,--,--,
false,Woodbridge - 2014-02-08,Running,--,"Sat, Feb 8, 2014 8:36",22:14,2.10,93,10:34,7:23,--,--,265,--,--,--,--,--,--,
false,Woodbridge - 2014-02-04,Running,--,"Tue, Feb 4, 2014 8:07",1:07:23,6.08,219,11:05,8:07,134,148,762,--,--,--,--,--,--,
false,Woodbridge - 2014-02-03,Running,--,"Mon, Feb 3, 2014 18:09",1:07:48,6.03,292,11:14,7:41,122,174,770,--,--,--,--,--,--,
false,Sammamish River Trail / Willows - 2014-02-02,Running,--,"Sun, Feb 2, 2014 11:57",1:03:07,5.81,278,10:52,7:55,136,147,744,--,--,--,--,--,--,
false,Perrigo Park Loop - 2014-01-30,Running,--,"Thu, Jan 30, 2014 8:18",1:06:23,5.98,177,11:06,8:26,129,147,753,--,--,--,--,--,--,
false,Red Brick Road / Perrigo Trail Loop - 2014-01-28,Running,--,"Tue, Jan 28, 2014 8:03",1:10:01,6.36,203,11:01,4:07,131,149,808,--,--,--,--,--,--,
false,Redmond - 2014-01-26,Running,--,"Sun, Jan 26, 2014 9:18",2:04:33,12.05,519,10:20,2:27,140,156,"1,533",--,--,--,--,--,--,
false,Marymoor - 2014-01-24,Running,--,"Fri, Jan 24, 2014 7:42",1:04:10,6.00,216,10:42,4:33,130,151,751,--,--,--,--,--,--,
false,Overlake - 2014-01-22,Running,--,"Wed, Jan 22, 2014 8:29",53:27,4.89,438,10:55,7:30,134,154,616,--,--,--,--,--,--,
false,SE Redmond - 2014-01-20,Running,--,"Mon, Jan 20, 2014 7:39",52:21,5.06,180,10:21,8:05,134,148,650,--,--,--,--,--,--,
false,Marymoor - 2014-01-19,Running,--,"Sun, Jan 19, 2014 6:46",1:07:02,6.38,322,10:30,4:27,138,154,827,--,--,--,--,--,--,
false,Microsoft East Campus - 2014-01-16,Running,--,"Thu, Jan 16, 2014 11:27",34:52,3.40,396,10:16,4:46,137,172,448,--,--,--,--,--,--,
false,Red Brick Road Loop - 2014-01-15,Running,--,"Wed, Jan 15, 2014 7:49",42:13,4.06,162,10:25,6:10,151,197,519,--,--,--,--,--,--,
false,SE Redmond - 2014-01-14,Running,--,"Tue, Jan 14, 2014 19:02",34:31,3.33,192,10:22,5:18,135,171,439,--,--,--,--,--,--,
false,SE Redmond - 2014-01-12,Running,--,"Sun, Jan 12, 2014 8:04",1:43:42,9.99,293,10:23,7:24,146,161,"1,271",--,--,--,--,--,--,
false,East Lake Sammamish Trail - 2014-01-04,Running,--,"Sat, Jan 4, 2014 15:46",1:44:11,9.95,159,10:28,5:26,146,171,"1,277",--,--,--,--,--,--,
false,Red Brick Road Loop - 2014-01-01,Running,--,"Wed, Jan 1, 2014 12:18",47:21,4.06,180,11:40,6:26,121,142,493,--,--,--,--,--,--,
false,East Lake Sammamish Trail - 2013-12-29,Running,--,"Sun, Dec 29, 2013 8:00",2:06:44,12.03,289,10:32,4:00,144,160,"1,551",--,--,--,--,--,--,
false,East Lake Sammamish Trail - 2013-12-24,Running,--,"Tue, Dec 24, 2013 9:06",36:15,3.18,0,11:25,7:39,121,165,411,--,--,--,--,--,--,
false,Redmond - 2013-12-21,Running,--,"Sat, Dec 21, 2013 8:17",1:59:39,11.07,210,10:48,2:54,--,--,"1,445",--,--,--,--,--,--,
false,SE Redmond - 2013-12-17,Running,--,"Tue, Dec 17, 2013 6:33",36:29,3.35,246,10:54,7:41,--,--,430,--,--,--,--,--,--,
false,East Lake Sammamish Trail - 2013-12-15,Running,--,"Sun, Dec 15, 2013 8:43",1:44:52,9.89,261,10:36,4:07,144,163,"1,278",--,--,--,--,--,--,
false,Microsoft - 2013-12-13,Running,--,"Fri, Dec 13, 2013 11:12",41:24,3.82,146,10:50,4:09,--,--,520,--,--,--,--,--,--,
false,Seattle Half Marathon - 2013-12-01,Running,--,"Sun, Dec 1, 2013 7:35",2:21:47,13.37,935,10:36,:01,150,172,"1,676",--,--,--,--,--,--,
false,Seattle Kid's Marathon - 2013-11-30,Running,--,"Sat, Nov 30, 2013 10:02",17:55,1.18,101,15:10,4:08,--,--,124,--,--,--,--,--,--,
false,Marymoor Loop - 2013-11-26,Running,--,"Tue, Nov 26, 2013 7:16",1:12:02,6.40,308,11:15,7:08,132,148,810,--,--,--,--,--,--,
false,To Bridle Trails Park - 2013-11-23,Running,--,"Sat, Nov 23, 2013 14:12",1:43:32,8.38,636,12:21,6:15,122,145,973,--,--,--,--,--,--,
false,Redmond - 2013-11-20,Running,--,"Wed, Nov 20, 2013 10:48",1:47:22,10.24,282,10:29,6:02,137,155,"1,317",--,--,--,--,--,--,
false,SE Redmond - 2013-11-19,Running,--,"Tue, Nov 19, 2013 6:16",44:25,4.08,201,10:53,3:43,--,--,511,--,--,--,--,--,--,
false,SE Redmond - 2013-11-16,Running,--,"Sat, Nov 16, 2013 15:39",47:58,4.50,324,10:39,7:27,128,153,564,--,--,--,--,--,--,
false,Redmond - 2013-11-14,Running,--,"Thu, Nov 14, 2013 16:55",1:51:18,10.17,274,10:57,5:17,139,153,"1,293",--,--,--,--,--,--,
false,East Lake Sammamish Trail - 2013-11-10,Running,--,"Sun, Nov 10, 2013 8:28",1:46:39,9.95,190,10:43,3:35,137,151,"1,265",--,--,--,--,--,--,
false,Red Brick Road Loop - 2013-11-09,Running,--,"Sat, Nov 9, 2013 7:43",41:14,3.68,156,11:13,8:02,--,--,462,--,--,--,--,--,--,
false,Redmond - 2013-11-01,Running,--,"Fri, Nov 1, 2013 16:19",1:35:55,9.00,221,10:40,4:50,132,151,"1,149",--,--,--,--,--,--,
false,Red Brick Road - 2013-10-29,Running,--,"Tue, Oct 29, 2013 12:38",1:12:00,6.95,261,10:21,6:59,137,155,889,--,--,--,--,--,--,
false,Redmond - 2013-10-26,Running,--,"Sat, Oct 26, 2013 8:56",1:28:51,8.24,89,10:47,6:25,146,194,"1,045",--,--,--,--,--,--,
false,MS to Northup - 2013-10-24,Running,--,"Thu, Oct 24, 2013 16:14",52:38,4.70,115,11:12,6:24,136,158,587,--,--,--,--,--,--,
false,Marymoor - 2013-10-20,Running,--,"Sun, Oct 20, 2013 8:16",34:02,3.03,51,11:15,7:34,137,162,367,--,--,--,--,--,--,
false,SE Redmond - 2013-10-18,Running,--,"Fri, Oct 18, 2013 17:46",1:01:38,5.64,219,10:55,7:18,132,178,698,--,--,--,--,--,--,
false,To Microsoft - 2013-10-15,Running,--,"Tue, Oct 15, 2013 8:56",1:02:33,5.15,394,12:09,4:27,137,168,584,--,--,--,--,--,--,
false,From Microsoft - 2013-10-14,Running,--,"Mon, Oct 14, 2013 16:47",1:02:31,5.72,232,10:55,6:06,--,--,705,--,--,--,--,--,--,
false,Microsoft East Campus - 2013-10-11,Running,--,"Fri, Oct 11, 2013 10:43",47:35,4.38,161,10:51,6:31,--,--,549,--,--,--,--,--,--,
false,"Harrison Hot Springs, BC - 2013-10-06",Running,--,"Sun, Oct 6, 2013 7:16",41:40,3.72,18,11:11,7:04,--,--,442,--,--,--,--,--,--,
false,"Harrison Hot Springs, BC - 2013-10-05",Running,--,"Sat, Oct 5, 2013 7:31",40:08,2.62,76,15:19,5:49,--,--,267,--,--,--,--,--,--,
false,San Francisco - 2013-09-17,Running,--,"Tue, Sep 17, 2013 15:09",58:06,4.21,468,13:47,7:58,--,--,490,--,--,--,--,--,--,
false,Redmond Trails Loop - 2013-09-07,Running,--,"Sat, Sep 7, 2013 6:51",2:10:45,12.22,490,10:42,5:46,140,158,"1,644",--,--,--,--,--,--,
false,SE Redmond - 2013-09-06,Running,--,"Fri, Sep 6, 2013 6:21",43:48,4.09,208,10:43,7:32,--,--,556,--,--,--,--,--,--,
false,Overlake - 2013-09-04,Running,--,"Wed, Sep 4, 2013 11:29",1:04:12,6.22,298,10:19,6:24,130,148,825,--,--,--,--,--,--,
false,East Lake Sammamish Trail - 2013-09-02,Running,--,"Mon, Sep 2, 2013 12:53",58:29,5.36,177,10:55,3:29,--,--,698,--,--,--,--,--,--,
false,Powerline Trail West Loop - 2013-08-31,Running,--,"Sat, Aug 31, 2013 6:58",1:59:54,10.96,634,10:56,7:47,144,183,"1,483",--,--,--,--,--,--,
false,Fred Meyer - 2013-08-30,Running,--,"Fri, Aug 30, 2013 17:03",31:04,2.96,177,10:30,2:39,--,--,422,--,--,--,--,--,--,
false,Red Brick Road Loop - 2013-08-28,Running,--,"Wed, Aug 28, 2013 19:46",52:54,5.04,222,10:29,7:20,--,--,680,--,--,--,--,--,--,
false,To Microsoft - 2013-08-27,Running,--,"Tue, Aug 27, 2013 7:44",54:14,5.14,392,10:33,2:50,--,--,680,--,--,--,--,--,--,
false,Redmond - Trails - 2013-08-23,Running,--,"Fri, Aug 23, 2013 16:56",1:56:52,10.16,367,11:30,5:17,127,160,"1,236",--,--,--,--,--,--,
false,From Microsoft - 2013-08-21,Running,--,"Wed, Aug 21, 2013 18:45",56:12,5.13,146,10:57,7:24,--,--,649,--,--,--,--,--,--,
false,4mi + strides - 2013-08-19,Running,--,"Mon, Aug 19, 2013 7:17",49:41,4.80,202,10:21,7:22,--,--,645,--,--,--,--,--,--,
false,Columbia Winery Run Kids Race - 2013-08-17,Running,--,"Sat, Aug 17, 2013 9:25",2:03,0.18,0,11:17,8:07,--,--,20,--,--,--,--,--,--,
false,2013 Columbia Winery (Covey) Run - 2013-08-17,Running,--,"Sat, Aug 17, 2013 8:00",57:45,6.21,36,9:18,6:35,154,173,826,--,--,--,--,--,--,
false,Microsoft - 2013-08-15,Running,--,"Thu, Aug 15, 2013 16:27",39:40,4.00,155,9:55,3:39,--,--,539,--,--,--,--,--,--,
false,SE Redmond - 2013-08-13,Running,--,"Tue, Aug 13, 2013 6:59",40:45,4.05,193,10:04,6:04,141,167,545,--,--,--,--,--,--,
false,Portland Waterfront - 2013-08-10,Running,--,"Sat, Aug 10, 2013 6:49",39:14,4.05,96,9:41,3:39,--,--,554,--,--,--,--,--,--,
false,To Microsoft - 2013-08-08,Running,--,"Thu, Aug 8, 2013 7:14",53:21,5.12,398,10:25,6:31,150,175,683,--,--,--,--,--,--,
false,Microsoft - 2013-08-07,Running,--,"Wed, Aug 7, 2013 17:36",58:50,6.00,124,9:48,6:52,143,165,795,--,--,--,--,--,--,
false,W Lake Sammamish Pkwy - 2013-08-01,Running,--,"Thu, Aug 1, 2013 8:20",30:02,3.21,111,9:21,7:11,149,162,429,--,--,--,--,--,--,
false,East Lake Sammamish Trail - 2013-07-28,Running,--,"Sun, Jul 28, 2013 8:29",1:52:44,10.05,136,11:13,5:06,130,149,"1,233",--,--,--,--,--,--,
false,Brick Road Loop - 2013-07-22,Running,--,"Mon, Jul 22, 2013 18:31",44:45,4.30,174,10:25,7:31,138,160,565,--,--,--,--,--,--,
false,To Redmond TC - 2013-07-17,Running,--,"Wed, Jul 17, 2013 12:16",35:49,3.70,16,9:41,6:01,--,--,485,--,--,--,--,--,--,
false,Fred Meyer - 2013-07-07,Running,--,"Sun, Jul 7, 2013 18:41",32:15,3.06,176,10:33,7:06,--,--,389,--,--,--,--,--,--,
false,From RTC - 2013-06-23,Running,--,"Sun, Jun 23, 2013 11:27",30:01,3.13,129,9:35,4:12,152,166,417,--,--,--,--,--,--,
false,Marymoor Loop - 2013-06-09,Running,--,"Sun, Jun 9, 2013 15:36",1:23:12,6.62,158,12:34,2:21,122,150,761,--,--,--,--,--,--,
false,Microsoft Loop - 2013-06-05,Running,--,"Wed, Jun 5, 2013 10:52",1:02:12,6.06,247,10:16,6:12,153,165,800,--,--,--,--,--,--,
false,SE Redmond - 2013-06-03,Running,--,"Mon, Jun 3, 2013 12:09",41:25,4.22,169,9:49,7:24,152,207,565,--,--,--,--,--,--,
false,Powerline Trail via Avondale - 2013-05-19,Running,--,"Sun, May 19, 2013 7:42",1:02:19,5.90,421,10:33,7:59,--,--,773,--,--,--,--,--,--,
false,Munich Messe - 2013-04-24,Running,--,"Wed, Apr 24, 2013 7:26",31:55,3.47,45,9:12,6:24,--,--,458,--,--,--,--,--,--,
false,Paris - 2013-04-14,Running,--,"Sun, Apr 14, 2013 6:23",47:26,4.56,175,10:24,6:36,--,--,580,--,--,--,--,--,--,
false,Perrigo Loop - 2013-03-24,Running,--,"Sun, Mar 24, 2013 9:29",1:08:43,6.90,211,9:57,7:08,141,162,927,--,--,--,--,--,--,
false,Marymoor loop - 2013-03-17,Running,--,"Sun, Mar 17, 2013 17:48",1:05:14,6.70,188,9:44,5:17,145,160,896,--,--,--,--,--,--,
false,Lake Sammamish Half Marathon - 2013-03-09,Running,--,"Sat, Mar 9, 2013 8:46",1:53:30,13.09,607,8:40,5:53,159,169,"1,748",--,--,--,--,--,--,
false,Woodbridge - 2013-03-07,Running,--,"Thu, Mar 7, 2013 18:50",31:20,3.21,159,9:46,7:16,--,--,430,--,--,--,--,--,--,
false,East Lake Sammamish Trail - 2013-03-02,Running,--,"Sat, Mar 2, 2013 14:08",1:32:20,10.50,50,8:48,6:31,150,156,"1,402",--,--,--,--,--,--,
false,From Microsoft - 2013-02-26,Running,--,"Tue, Feb 26, 2013 17:01",40:09,4.66,131,8:37,6:00,149,167,622,--,--,--,--,--,--,
false,East Lake Sammamish Trail - 2013-02-24,Running,--,"Sun, Feb 24, 2013 9:14",1:27:45,8.98,60,9:46,5:04,145,157,"1,187",--,--,--,--,--,--,
false,Flavia,Running,--,"Fri, Feb 22, 2013 7:25",33:26,3.00,287,11:09,6:37,--,--,388,--,--,--,--,--,--,
false,Woodbridge - 2013-02-21,Running,--,"Thu, Feb 21, 2013 18:34",45:04,4.82,153,9:21,6:43,148,168,642,--,--,--,--,--,--,
false,Woodbridge - 2013-02-19,Running,--,"Tue, Feb 19, 2013 16:59",32:02,3.12,156,10:17,8:06,134,164,420,--,--,--,--,--,--,
false,Flavia,Running,--,"Mon, Feb 18, 2013 18:26",30:53,2.92,163,10:34,8:11,--,--,392,--,--,--,--,--,--,
false,Brick Road Loop - 2013-02-18,Running,--,"Mon, Feb 18, 2013 17:11",43:55,4.35,180,10:06,8:18,137,159,583,--,--,--,--,--,--,
false,Woodbridge - 2013-02-17,Running,--,"Sun, Feb 17, 2013 9:27",32:08,3.03,137,10:36,7:56,137,145,411,--,--,--,--,--,--,
false,Alongside SR-520 - 2013-02-15,Running,--,"Fri, Feb 15, 2013 11:49",52:51,5.38,331,9:50,5:24,149,162,704,--,--,--,--,--,--,
false,Redmond - 2013-02-09,Running,--,"Sat, Feb 9, 2013 15:17",1:14:02,7.46,264,9:55,7:09,143,161,994,--,--,--,--,--,--,
false,Redmond - 2013-02-06,Running,--,"Wed, Feb 6, 2013 18:12",1:04:48,6.50,214,9:58,4:52,142,160,876,--,--,--,--,--,--,
false,Flavia,Running,--,"Sun, Feb 3, 2013 10:09",34:55,3.17,110,11:02,7:09,--,--,423,--,--,--,--,--,--,
false,SE Redmond - 2013-02-02,Running,--,"Sat, Feb 2, 2013 17:32",34:40,3.64,194,9:31,5:03,--,--,487,--,--,--,--,--,--,
false,Redmond - 2013-01-27,Running,--,"Sun, Jan 27, 2013 17:31",58:47,6.04,154,9:43,7:45,142,164,808,--,--,--,--,--,--,
false,"Microsoft ""Blue"" loop - 2013-01-24",Running,--,"Thu, Jan 24, 2013 12:04",59:04,5.91,252,10:00,7:00,152,165,786,--,--,--,--,--,--,
false,Microsoft - 2013-01-17,Running,--,"Thu, Jan 17, 2013 12:45",42:52,4.52,152,9:29,6:52,147,160,603,--,--,--,--,--,--,
false,Woodbridge - 2013-01-13 - Com Leo,Running,--,"Sun, Jan 13, 2013 8:54",25:08,2.44,93,10:19,8:48,132,144,329,--,--,--,--,--,--,
false,Microsoft - 2013-01-10,Running,--,"Thu, Jan 10, 2013 11:32",30:31,3.13,96,9:44,6:01,139,152,419,--,--,--,--,--,--,
false,Microsoft - 2013-01-08,Running,--,"Tue, Jan 8, 2013 12:18",45:02,4.70,142,9:35,7:16,147,160,627,--,--,--,--,--,--,
false,Woodbridge - 2013-01-06,Running,--,"Sun, Jan 6, 2013 17:02",33:02,3.38,212,9:45,7:53,150,162,450,--,--,--,--,--,--,
false,Flavia,Running,--,"Sun, Jan 6, 2013 9:24",1:38:09,6.16,444,15:56,8:17,--,--,643,--,--,--,--,--,--,
false,Flavia,Running,--,"Thu, Jan 3, 2013 15:43",34:34,2.81,5,12:17,5:45,--,--,328,--,--,--,--,--,--,
false,From Microsoft - 2013-01-02,Running,--,"Wed, Jan 2, 2013 15:57",49:12,4.98,153,9:52,5:30,142,158,669,--,--,--,--,--,--,
false,SE Redmond - 2013-01-01,Running,--,"Tue, Jan 1, 2013 11:23",45:05,4.50,203,10:01,5:11,137,161,603,--,--,--,--,--,--,
false,Flavia,Running,--,"Tue, Jan 1, 2013 9:21",54:38,5.04,34,10:51,5:58,--,--,670,--,--,--,--,--,--,
false,Flavia,Running,--,"Sun, Dec 30, 2012 9:17",37:34,2.11,34,17:47,7:08,--,--,290,--,--,--,--,--,--,
false,SE Redmond - 2012-12-29,Running,--,"Sat, Dec 29, 2012 13:57",30:01,3.02,142,9:57,4:53,141,169,408,--,--,--,--,--,--,
false,With Kids - 2012-12-24,Running,--,"Mon, Dec 24, 2012 15:05",31:37,1.45,60,21:50,8:22,--,--,143,--,--,--,--,--,--,
false,Flavia,Running,--,"Sun, Nov 25, 2012 15:15",29:20,3.00,12,9:46,6:56,--,--,404,--,--,--,--,--,--,
false,Seattle Half Marathon - 2012-11-25,Running,--,"Sun, Nov 25, 2012 7:34",2:06:25,13.40,"2,905",9:26,3:39,154,171,"1,704",--,--,--,--,--,--,
false,Flavia,Running,--,"Sat, Nov 24, 2012 15:55",36:20,2.93,2,12:25,4:48,--,--,337,--,--,--,--,--,--,
false,Kids Race Seattle Marathon - 2012-11-24,Running,--,"Sat, Nov 24, 2012 10:01",21:33,1.04,62,20:43,8:40,94,116,106,--,--,--,--,--,--,
false,Flavia,Running,--,"Thu, Nov 22, 2012 12:25",31:02,3.02,176,10:17,7:25,--,--,408,--,--,--,--,--,--,
false,SE Redmond - 2012-11-22,Running,--,"Thu, Nov 22, 2012 10:57",47:13,4.97,254,9:30,8:04,147,163,663,--,--,--,--,--,--,
false,Microsoft - 2012-11-20,Running,--,"Tue, Nov 20, 2012 11:20",30:32,3.00,117,10:11,1:25,134,152,392,--,--,--,--,--,--,
false,Redmond - 2012-11-17,Running,--,"Sat, Nov 17, 2012 7:32",1:39:04,9.37,614,10:34,6:40,147,160,"1,220",--,--,--,--,--,--,
false,Redmond - 2012-11-10,Running,--,"Sat, Nov 10, 2012 7:26",1:50:14,11.06,444,9:58,7:23,148,164,"1,483",--,--,--,--,--,--,
false,Microsoft Loop - 2012-11-06,Running,--,"Tue, Nov 6, 2012 12:41",48:13,5.09,161,9:28,3:06,145,179,681,--,--,--,--,--,--,
false,Redmond - 2012-11-03,Running,--,"Sat, Nov 3, 2012 9:17",1:30:58,8.88,581,10:15,6:57,148,167,"1,185",--,--,--,--,--,--,
false,2012-10-29 - Woodbridge,Running,--,"Mon, Oct 29, 2012 18:38",36:15,3.65,154,9:55,5:08,136,165,489,--,--,--,--,--,--,
false,2012-10-27 - SE Redmond,Running,--,"Sat, Oct 27, 2012 13:44",1:11:17,7.11,202,10:02,6:34,134,157,959,--,--,--,--,--,--,
false,2012-10-24 - SE Redmond,Running,--,"Wed, Oct 24, 2012 18:17",35:20,3.52,230,10:02,5:27,144,177,472,--,--,--,--,--,--,
false,Woodbridge - 2012-10-15,Running,--,"Mon, Oct 15, 2012 19:59",1:04:31,6.04,295,10:41,4:20,131,161,812,--,--,--,--,--,--,
false,SE Redmond - 2012-10-13,Running,--,"Sat, Oct 13, 2012 7:48",46:33,3.65,158,12:46,6:47,115,147,416,--,--,--,--,--,--,
false,"MS 5mi ""blue"" loop - 2012-10-10",Running,--,"Wed, Oct 10, 2012 12:00",57:35,5.85,231,9:50,6:06,--,--,763,--,--,--,--,--,--,
false,MS 5k 2012 - 2012-10-05,Running,--,"Fri, Oct 5, 2012 14:08",24:26,3.10,85,7:54,5:50,--,--,410,--,--,--,--,--,--,
false,Redmond Overlake - 2012-10-02,Running,--,"Tue, Oct 2, 2012 12:14",33:26,3.50,145,9:34,2:15,--,--,450,--,--,--,--,--,--,
false,Redmond - 2012-09-29,Running,--,"Sat, Sep 29, 2012 7:35",1:25:05,8.32,331,10:14,6:35,--,--,"1,088",--,--,--,--,--,--,
false,SE Redmond - 2012-09-26,Running,--,"Wed, Sep 26, 2012 18:30",33:43,3.43,200,9:49,5:20,--,--,445,--,--,--,--,--,--,
false,Woodbridge Marymoor Loop - 2012-09-23,Running,--,"Sun, Sep 23, 2012 8:14",1:11:09,7.16,235,9:57,4:40,--,--,960,--,--,--,--,--,--,
false,Microsoft to Woodbridge - 2012-09-21,Running,--,"Fri, Sep 21, 2012 11:02",43:10,4.82,120,8:58,3:56,--,--,647,--,--,--,--,--,--,
false,Redmond - 2012-09-18,Running,--,"Tue, Sep 18, 2012 20:49",30:07,3.00,181,10:02,7:19,--,--,393,--,--,--,--,--,--,
false,Leavenworth - 2012-09-15,Running,--,"Sat, Sep 15, 2012 7:58",1:09:56,6.71,573,10:25,7:01,--,--,863,--,--,--,--,--,--,
false,"Microsoft 2mi ""yellow"" loop - 2012-09-07",Running,--,"Fri, Sep 7, 2012 11:56",19:18,2.20,62,8:46,5:29,--,--,288,--,--,--,--,--,--,
false,"Microsoft 3mi ""red"" loop - 2012-09-07",Running,--,"Fri, Sep 7, 2012 11:12",42:54,3.07,157,13:58,5:36,--,--,338,--,--,--,--,--,--,
false,Flushing Meadows - 2012-09-01,Running,--,"Sat, Sep 1, 2012 7:01",51:00,5.27,48,9:40,3:36,--,--,697,--,--,--,--,--,--,
false,Microsoft (cont) - 2012-08-28,Running,--,"Tue, Aug 28, 2012 12:46",5:27,0.60,34,9:10,7:31,--,--,78,--,--,--,--,--,--,
false,"Microsoft 2mi ""orange"" loop - 2012-08-28",Running,--,"Tue, Aug 28, 2012 12:23",23:03,2.47,132,9:21,4:31,--,--,329,--,--,--,--,--,--,
false,Untitled,Running,--,"Mon, Aug 27, 2012 18:15",31:46,2.98,252,10:39,3:47,--,--,387,--,--,--,--,--,--,
false,Microsoft - 2012-08-26,Running,--,"Sun, Aug 26, 2012 16:25",43:03,4.44,195,9:42,5:51,--,--,598,--,--,--,--,--,--,
false,Microsoft 5mi Loop - 2012-08-24,Running,--,"Fri, Aug 24, 2012 7:30",56:36,5.82,242,9:44,3:25,--,--,783,--,--,--,--,--,--,
false,Victoria BC - 2012-08-22,Running,--,"Wed, Aug 22, 2012 6:32",49:00,4.75,141,10:19,7:17,--,--,612,--,--,--,--,--,--,
false,2012 Covey Run - 2012-08-18,Running,--,"Sat, Aug 18, 2012 8:00",55:02,6.21,238,8:52,7:11,--,--,825,--,--,--,--,--,--,
false,Redmond - 2012-08-16,Running,--,"Wed, Aug 15, 2012 19:59",54:41,4.61,249,11:51,4:54,--,--,562,--,--,--,--,--,--,
false,Jaqueira - 2012-08-07,Running,--,"Tue, Aug 7, 2012 5:55",50:30,4.78,183,10:33,4:04,--,--,620,--,--,--,--,--,--,
false,Jaqueira - 2012-08-05,Running,--,"Sun, Aug 5, 2012 6:40",43:35,4.11,145,10:36,5:52,--,--,527,--,--,--,--,--,--,
false,Jaqueira - 2012-08-02,Running,--,"Thu, Aug 2, 2012 18:00",53:45,4.91,239,10:56,5:29,--,--,634,--,--,--,--,--,--,
false,Fila Night Run Recife - 2012-07-28,Running,--,"Sat, Jul 28, 2012 20:03",59:54,6.22,140,9:38,:04,--,--,827,--,--,--,--,--,--,
false,Jaqueira - 2012-07-20,Running,--,"Fri, Jul 20, 2012 18:21",48:02,4.63,176,10:23,:03,--,--,601,--,--,--,--,--,--,
false,Redmond 50th St. - 2012-07-14,Running,--,"Sat, Jul 14, 2012 15:35",48:02,4.76,487,10:05,6:36,--,--,613,--,--,--,--,--,--,
false,Lake Sammamish Trail - 2012-07-10,Running,--,"Tue, Jul 10, 2012 6:48",44:23,4.20,14,10:35,7:38,--,--,547,--,--,--,--,--,--,
false,Redmond - 2012-07-04,Running,--,"Wed, Jul 4, 2012 8:11",43:42,4.13,209,10:36,8:09,--,--,520,--,--,--,--,--,--,
false,SE Redmond - 2012-07-02,Running,--,"Mon, Jul 2, 2012 17:57",40:42,3.77,216,10:47,8:24,--,--,473,--,--,--,--,--,--,
false,Lake Wenatchee State Park - 2012-06-30,Running,--,"Sat, Jun 30, 2012 7:53",11:33,0.56,24,20:48,9:42,--,--,55,--,--,--,--,--,--,
false,Woodbridge - 2012-06-29,Running,--,"Fri, Jun 29, 2012 6:46",31:06,2.65,128,11:43,4:19,--,--,332,--,--,--,--,--,--,
false,Woodbridge - 2012-06-08,Running,--,"Fri, Jun 8, 2012 12:21",19:31,1.85,92,10:32,8:48,--,--,242,--,--,--,--,--,--,
false,Hill training,Running,--,"Tue, Aug 23, 2011 6:38",56:47,5.54,559,10:15,5:45,144,165,722,--,--,--,--,--,--,
